"page", "views"
"home" , 2512
"/docs/institution", 1415
"/docs/introduction-to-belvo", 838
"/docs/banking", 758
"/docs/connect-widget", 713
"/docs/get-started-in-5-minutes", 591
"/docs/widget-for-web", 579
"/docs/links-and-institutions", 467
"/docs/get-your-belvo-api-keys", 403
"/docs/test-in-sandbox", 397
"/docs/test-with-postman", 373
"/docs/webhooks", 327
"/docs/widget-for-webviews", 321
"/docs/widget-startup-configuration", 288
"/docs/integration-overview", 285
"/docs/widget-branding-and-customization", 272
"/docs/fiscal", 255
"/docs/access-your-first-financial-data", 252
"/docs/connect-widget-update-mode", 245
"/docs/integration-checklist", 224
"/docs/api-environments", 219
"/docs/assess-the-lending-risk-of-your-retail-client", 207
"/docs/quickstart-application", 195
"/docs/verify-your-users-personal-and-banking-information", 183
"/docs/handling-2-factor-authentication", 183
"/docs/searching-and-filtering", 178
"/docs/choose-the-right-guide", 176
"/docs/incomes-beta", 168
"/docs/help-users-manage-their-finances", 155
"/docs/gig", 141
"/docs/link-errors", 139
"/docs/institution-status-webhook", 130
"/docs/link-creation-best-practices", 124
"/docs", 120
"/docs/fiscal-overview-of-a-business", 118
"/page/resources", 105
"/docs/belvo-errors", 103
"/docs/verify-your-users-fiscal-id", 97
"/docs/sat-catalogs", 97
"/docs/institution-errors", 95
"/docs/request-errors", 95
"/docs/error-troubleshooting", 90
"/docs/android-kotlin", 90
"/docs/ios-swift", 87
"/docs/webhook-accounts", 84
"/docs/webhook-links", 82
"/docs/fiscal-get-a-360-degree-view-of-your-retail-customer", 80
"/docs/widget-parameter-list", 72
"/docs/webhook-invoices", 69
"/docs/webhook-transactions", 69
"/docs/glossary", 63
"/docs/webhook-owners", 53
"/docs/belvo-sdks", 48
"/docs/installation", 48
"/docs/tax-compliance-status", 41
"/docs/webhook-tax-status", 34
"/docs/fiscal-guides", 32
"/recipes", 32
"/docs/webhook-tax-returns", 32
"/docs/help-users-manage-their-finance", 13
"/docs/fiscal-overview-of-a-business%22", 9